﻿Designator,Footprint,Quantity,Value,LCSC Part #
2025,VEGA,1,VEGA,
"D1, D10, D11, D12, D13, D14, D15, D16, D17, D18, D19, D2, D20, D21, D22, D23, D24, D3, D4, D5, D6, D7, D8, D9",LED Hi-FIELD,24,LED,
"IC1, IC2, IC3",TC4051BP_THT,3,TC4051BP_THT,
J1,CON_522710679_MOL,1,Conn_01x06_Socket,
J2,JST_XH_B2B-XH-A_1x02_P2.50mm_Vertical,1,Conn_01x02_Pin,
R1,R_Axial_DIN0207_L6.3mm_D2.5mm_P10.16mm_Horizontal,1,10,
"R10, R11, R12, R13, R14, R15, R16, R17, R18, R19, R2, R20, R21, R22, R23, R24, R25, R3, R4, R5, R6, R7, R8, R9",0603,24,100k,
"T1, T10, T11, T12, T13, T14, T15, T16, T17, T18, T19, T2, T20, T21, T22, T23, T24, T3, T4, T5, T6, T7, T8, T9",NJL7052L,24,NJL,
