Designator,Footprint,Quantity,Value,LCSC Part #
"C12, C13",0603,2,0.1uF,
"C2, C3",0805,2,1uF,
C8,CP_Radial_D6.3mm_P2.50mm,1,100uF,
C9,CAP_J-V_10X10P5_RUB,1,1000uF,
D2,0603,1,LED,
"D3, D4",Nexperia_CFP3_SOD-123W,2,GS1010FL,
F1,Fuseholder_Clip-5x20mm_Keystone_3517_Inline_P23.11x6.76mm_D1.70mm_Horizontal,1,Fuse,
J1,AMASS_XT30U-F_1x02_P5.0mm_Vertical,1,Conn_01x02_Pin,
J2,PinSocket_1x02_P2.54mm_Vertical,1,Conn_01x02_Pin,
J4,JLCPCB,1,Conn_01x01_Pin,
KICK1,JST_XH_S2B-XH-A_1x02_P2.50mm_Horizontal,1,Conn_01x02_Pin,
L1,L_Changjiang_FXL1360,1,CSAB1260A,
"LINE1, MAIN1, MD1",JST_XH_S3B-XH-A_1x03_P2.50mm_Horizontal,3,Conn_01x03_Pin,
R4,0603,1,150,
R5,0603,1,47k,
SW1,DS-850K-S-ON,1,SW_SPST,
U1,LM2576SX-5.0_NOPB,1,LM2576SX-5.0_NOPB,
U3,ADP3338AKCZ-3.3,1,ADP3338AKCZ-3.3,
