﻿Designator,Footprint,Quantity,Value,LCSC Part #
"D1, D10, D11, D12, D13, D14, D15, D16, D17, D18, D19, D2, D20, D21, D22, D23, D24, D3, D4, D5, D6, D7, D8, D9",0603,24,LED,
FFC1,FFC conector 6pin 1mm Pich,1,Conn_01x06_Pin,
J1,JST_XH_S3B-XH-A_1x03_P2.50mm_Horizontal,1,Conn_01x03_Pin,
"MUX1, MUX2, MUX3",TSSOP-16_4.4x5mm_P0.65mm,3,HEF4051BTT,
"R1, R10, R11, R12, R13, R14, R15, R16, R17, R18, R19, R20, R21, R22, R23, R24, R25, R26, R27, R28, R29, R30, R31, R32",0603,24,22k,
"R59, R60, R61, R62, R63, R64, R65, R66, R67, R68, R69, R7",0603,12,50,
"T0, T1, T10, T11, T12, T13, T14, T15, T16, T17, T18, T19, T2, T20, T21, T22, T23, T3, T4, T5, T6, T7, T8, T9",0603,24,B19H1LS,
